[{"id":"user-image-logo_clear.png","publicUrl":"np://user.desktop.nicepage.com/Site_50677899/images/logo_clear.png","size":192554,"hash":"8uuFG3gDYIwN2ddVuGWaG3CMnhs=","fileName":"logo_clear.png","name":"logo_clear","width":1207,"height":683,"thumbnail":{"url":"np://user.desktop.nicepage.com/Site_50677899/images/thumbnails/logo_clear.png","width":250,"height":141},"folderId":null,"usages":["589171"]},{"id":"user-image-t_500x300.jpeg","publicUrl":"np://user.desktop.nicepage.com/Site_50677899/images/t_500x300.jpeg","size":4118,"hash":"pXpaabOInydC2GUUZ9ttrxuei80=","fileName":"t_500x300.jpeg","name":"t_500x300","width":130,"height":130,"thumbnail":{"url":"np://user.desktop.nicepage.com/Site_50677899/images/thumbnails/t_500x300.jpeg","height":130,"width":130,"length":4118,"type":"jpg"},"folderId":null,"usages":[]},{"id":"user-image-uzo-logo.svg","publicUrl":"np://user.desktop.nicepage.com/Site_50677899/images/uzo-logo.svg","size":1649,"hash":"WuK+ebG6UpbDHbeW3Ag9Y1Jt1iU=","fileName":"uzo-logo.svg","name":"uzo-logo","width":519,"height":239,"thumbnail":{"url":"np://user.desktop.nicepage.com/Site_50677899/images/uzo-logo.svg","width":250,"height":115},"folderId":null,"usages":["589171"]},{"id":"user-image-logo.svg","publicUrl":"np://user.desktop.nicepage.com/Site_50677899/images/logo.svg","size":20789,"hash":"UccegzjG1aZSIHs19wHxXW3FqVA=","fileName":"logo.svg","name":"logo","width":109,"height":36,"thumbnail":{"url":"np://user.desktop.nicepage.com/Site_50677899/images/logo.svg","width":109,"height":36,"length":20789,"type":"svg"},"folderId":null,"usages":["589171"]},{"id":"user-image-woo-black.svg","publicUrl":"np://user.desktop.nicepage.com/Site_50677899/images/woo-black.svg","size":1246,"hash":"pUNi2z8aogpV4m7hFWs/aoOo+U0=","fileName":"woo-black.svg","name":"woo-black","width":210,"height":57,"thumbnail":{"url":"np://user.desktop.nicepage.com/Site_50677899/images/woo-black.svg","width":210,"height":57,"length":1246,"type":"svg"},"folderId":null,"usages":["product:2"]},{"id":"user-image-csm_Mondelez_Logo_21b5c1c383.jpg","publicUrl":"np://user.desktop.nicepage.com/Site_50677899/images/csm_Mondelez_Logo_21b5c1c383.jpg","size":16977,"hash":"6kZzj4rNZQvU4y7e4D4h7OamFAU=","fileName":"csm_Mondelez_Logo_21b5c1c383.jpg","name":"csm_Mondelez_Logo_21b5c1c383","width":190,"height":190,"thumbnail":{"url":"np://user.desktop.nicepage.com/Site_50677899/images/thumbnails/csm_Mondelez_Logo_21b5c1c383.jpg","height":190,"width":190,"length":16977,"type":"jpg"},"folderId":null,"usages":["589171"]},{"id":"user-image-me.jpg","publicUrl":"np://user.desktop.nicepage.com/Site_50677899/images/me.jpg","size":43422,"hash":"L5PQT8eRfwhc7cFg+5XibNC5x78=","fileName":"me.jpg","name":"me","width":640,"height":640,"thumbnail":{"url":"np://user.desktop.nicepage.com/Site_50677899/images/thumbnails/me.jpg","width":250,"height":250},"folderId":null,"usages":["589171"]},{"id":"user-image-nos-logo-brandlogos.net_-300x300.png","publicUrl":"np://user.desktop.nicepage.com/Site_50677899/images/nos-logo-brandlogos.net_-300x300.png","size":12679,"hash":"BQ1akmBw8vWv5bKgH4TiRNi0J9w=","fileName":"nos-logo-brandlogos.net_-300x300.png","name":"nos-logo-brandlogos.net_-300x300","width":300,"height":300,"thumbnail":{"url":"np://user.desktop.nicepage.com/Site_50677899/images/thumbnails/nos-logo-brandlogos.net_-300x300.png","width":250,"height":250},"folderId":null,"usages":["589171","product:1"]},{"id":"user-image-clipper-logo-7E7BF8928C-seeklogo.com.png","publicUrl":"np://user.desktop.nicepage.com/Site_50677899/images/clipper-logo-7E7BF8928C-seeklogo.com.png","size":5883,"hash":"vX4RaARdcBarqqVMBmYLIzF8DpY=","fileName":"clipper-logo-7E7BF8928C-seeklogo.com.png","name":"clipper-logo-7E7BF8928C-seeklogo.com","width":300,"height":106,"thumbnail":{"url":"np://user.desktop.nicepage.com/Site_50677899/images/thumbnails/clipper-logo-7E7BF8928C-seeklogo.com.png","width":250,"height":88},"folderId":null,"usages":["589171"]}]