[{"id":305617819,"title":"Blog Template","order":1,"templateKey":"blog","customTemplate":false,"customTemplateFilename":null,"pageLinks":[],"dateCreated":"2024-07-13T22:59:37.309Z","dateUpdated":"2024-07-13T22:59:38.218Z","folderId":null,"pageName":"Blog Template","serverPageId":null,"sectionCount":1,"status":2,"backwardUrl":null},{"id":26191456,"title":"Post Template","order":2,"templateKey":"post","customTemplate":false,"customTemplateFilename":null,"pageLinks":[],"dateCreated":"2024-07-13T22:59:37.381Z","dateUpdated":"2024-07-13T22:59:38.218Z","folderId":null,"pageName":"Post Template","serverPageId":null,"sectionCount":1,"status":2,"backwardUrl":null},{"id":144277722,"title":"Product List Template","order":3,"templateKey":"products","customTemplate":false,"customTemplateFilename":null,"pageLinks":[],"dateCreated":"2024-07-13T22:59:37.466Z","dateUpdated":"2024-07-13T23:13:49.173Z","folderId":null,"pageName":"Product List Template","serverPageId":null,"sectionCount":1,"status":2,"backwardUrl":null},{"id":21387269,"title":"Product Details Template","order":4,"templateKey":"product","customTemplate":false,"customTemplateFilename":null,"pageLinks":[],"dateCreated":"2024-07-13T22:59:37.565Z","dateUpdated":"2024-07-13T22:59:38.219Z","folderId":null,"pageName":"Product Details Template","serverPageId":null,"sectionCount":1,"status":2,"backwardUrl":null},{"id":905705275,"title":"Shopping Cart Template","order":5,"templateKey":"cart","customTemplate":false,"customTemplateFilename":null,"pageLinks":[],"dateCreated":"2024-07-13T22:59:37.655Z","dateUpdated":"2024-07-13T22:59:38.219Z","folderId":null,"pageName":"Shopping Cart Template","serverPageId":null,"sectionCount":1,"status":2,"backwardUrl":null},{"id":1948717776,"title":"Checkout Template","order":6,"templateKey":"checkout","customTemplate":false,"customTemplateFilename":null,"pageLinks":[],"dateCreated":"2024-07-13T22:59:37.791Z","dateUpdated":"2024-07-13T22:59:38.219Z","folderId":null,"pageName":"Checkout Template","serverPageId":null,"sectionCount":1,"status":2,"backwardUrl":null},{"id":1651013650,"title":"Login Template","order":7,"templateKey":"login","customTemplate":false,"customTemplateFilename":null,"pageLinks":[],"dateCreated":"2024-07-13T22:59:37.858Z","dateUpdated":"2024-07-13T22:59:38.219Z","folderId":null,"pageName":"Login Template","serverPageId":null,"sectionCount":1,"status":2,"backwardUrl":null},{"id":1964103988,"title":"Page Password Template","order":8,"templateKey":"password","customTemplate":false,"customTemplateFilename":null,"pageLinks":[],"dateCreated":"2024-07-13T22:59:37.906Z","dateUpdated":"2024-07-13T22:59:38.219Z","folderId":null,"pageName":"Page Password Template","serverPageId":null,"sectionCount":1,"status":2,"backwardUrl":null},{"id":13224032,"title":"404 Not Found Template","order":9,"templateKey":"404","customTemplate":false,"customTemplateFilename":null,"pageLinks":[],"dateCreated":"2024-07-13T22:59:37.947Z","dateUpdated":"2024-07-13T22:59:38.219Z","folderId":null,"pageName":"404 Not Found Template","serverPageId":null,"sectionCount":1,"status":2,"backwardUrl":null},{"id":702013021,"title":"Thank You Page Template","order":10,"templateKey":"ThankYou","customTemplate":false,"customTemplateFilename":null,"pageLinks":[],"dateCreated":"2024-07-13T22:59:37.987Z","dateUpdated":"2024-07-13T22:59:38.219Z","folderId":null,"pageName":"Thank You Page Template","serverPageId":null,"sectionCount":1,"status":2,"backwardUrl":null},{"id":589171,"title":"Home","order":50,"templateKey":null,"customTemplate":false,"customTemplateFilename":null,"pageLinks":[],"dateCreated":"2024-07-13T23:00:15.847Z","dateUpdated":"2024-07-18T16:58:17.625Z","folderId":null,"pageName":"Home_589171","serverPageId":null,"sectionCount":5,"status":2,"backwardUrl":null},{"id":23687629,"title":"About","order":100,"templateKey":null,"customTemplate":false,"customTemplateFilename":null,"pageLinks":[],"dateCreated":"2024-07-13T22:59:38.025Z","dateUpdated":"2024-07-13T22:59:38.219Z","folderId":null,"pageName":"About_23687629","serverPageId":null,"sectionCount":1,"status":2,"backwardUrl":null},{"id":240451324,"title":"Contact","order":101,"templateKey":null,"customTemplate":false,"customTemplateFilename":null,"pageLinks":[],"dateCreated":"2024-07-13T22:59:38.053Z","dateUpdated":"2024-07-13T22:59:38.219Z","folderId":null,"pageName":"Contact_240451324","serverPageId":null,"sectionCount":1,"status":2,"backwardUrl":null}]